espn_id,name,season,regular_season_games,postseason_games
4837248,Fernando Mendoza,2023,8,1
4837248,Fernando Mendoza,2024,11,0
4837248,Fernando Mendoza,2025,13,3
4685522,Ty Simpson,2022,3,0
4685522,Ty Simpson,2023,6,0
4685522,Ty Simpson,2024,6,0
4685522,Ty Simpson,2025,13,2
4567747,Garrett Nussmeier,2021,4,0
4567747,Garrett Nussmeier,2022,6,1
4567747,Garrett Nussmeier,2023,5,1
4567747,Garrett Nussmeier,2024,12,1
4567747,Garrett Nussmeier,2025,9,0
4430841,Carson Beck,2021,3,0
4430841,Carson Beck,2022,5,1
4430841,Carson Beck,2023,13,1
4430841,Carson Beck,2024,13,0
4430841,Carson Beck,2025,12,4
4714771,Drew Allar,2022,9,1
4714771,Drew Allar,2023,12,1
4714771,Drew Allar,2024,13,3
4714771,Drew Allar,2025,6,0
4685413,Cade Klubnik,2022,9,1
4685413,Cade Klubnik,2023,12,1
4685413,Cade Klubnik,2024,13,1
4685413,Cade Klubnik,2025,11,1
4432759,Sawyer Robertson,2022,3,0
4432759,Sawyer Robertson,2023,6,0
4432759,Sawyer Robertson,2024,11,1
4432759,Sawyer Robertson,2025,12,0
4870808,Jeremiyah Love,2023,12,1
4870808,Jeremiyah Love,2024,12,4
4870808,Jeremiyah Love,2025,12,0
4685512,Jadarian Price,2023,11,1
4685512,Jadarian Price,2024,12,4
4685512,Jadarian Price,2025,12,0
4832955,Emmett Johnson,2023,9,0
4832955,Emmett Johnson,2024,11,1
4832955,Emmett Johnson,2025,12,0
4702555,Jonah Coleman,2022,12,0
4702555,Jonah Coleman,2023,12,1
4702555,Jonah Coleman,2024,12,1
4702555,Jonah Coleman,2025,11,1
4686658,Mike Washington Jr.,2021,3,0
4686658,Mike Washington Jr.,2022,12,1
4686658,Mike Washington Jr.,2023,11,0
4686658,Mike Washington Jr.,2024,12,0
4686658,Mike Washington Jr.,2025,12,0
4832846,Demond Claiborne,2022,4,0
4832846,Demond Claiborne,2023,10,0
4832846,Demond Claiborne,2024,12,0
4832846,Demond Claiborne,2025,12,0
4685246,Kaytron Allen,2022,12,1
4685246,Kaytron Allen,2023,12,1
4685246,Kaytron Allen,2024,13,3
4685246,Kaytron Allen,2025,12,0
4685555,Nicholas Singleton,2022,12,1
4685555,Nicholas Singleton,2023,12,1
4685555,Nicholas Singleton,2024,12,3
4685555,Nicholas Singleton,2025,12,0
4713118,J'Mari Taylor,2021,1,0
4713118,J'Mari Taylor,2022,11,1
4713118,J'Mari Taylor,2023,11,0
4713118,J'Mari Taylor,2024,11,0
4713118,J'Mari Taylor,2025,13,0
4871023,Carnell Tate,2023,10,1
4871023,Carnell Tate,2024,11,4
4871023,Carnell Tate,2025,10,1
4870795,Makai Lemon,2023,2,1
4870795,Makai Lemon,2024,10,1
4870795,Makai Lemon,2025,12,0
4880281,Jordyn Tyson,2022,8,0
4880281,Jordyn Tyson,2024,12,0
4880281,Jordyn Tyson,2025,9,0
4832800,Denzel Boston,2022,2,0
4832800,Denzel Boston,2023,3,0
4832800,Denzel Boston,2024,12,1
4832800,Denzel Boston,2025,10,1
4870653,KC Concepcion,2023,12,1
4870653,KC Concepcion,2024,12,0
4870653,KC Concepcion,2025,12,1
4723820,Omar Cooper Jr.,2023,7,0
4723820,Omar Cooper Jr.,2024,11,1
4723820,Omar Cooper Jr.,2025,12,3
4682648,Malachi Fields,2021,6,0
4682648,Malachi Fields,2022,1,0
4682648,Malachi Fields,2023,12,0
4682648,Malachi Fields,2024,12,0
4682648,Malachi Fields,2025,12,0
5091739,Chris Brazzell II,2022,1,0
5091739,Chris Brazzell II,2023,12,0
5091739,Chris Brazzell II,2024,11,1
5091739,Chris Brazzell II,2025,12,0
4870612,Zachariah Branch,2023,10,1
4870612,Zachariah Branch,2024,12,0
4870612,Zachariah Branch,2025,13,1
5220680,Ted Hurst,2024,12,0
5220680,Ted Hurst,2025,11,0
4683151,Deion Burks,2021,1,1
4683151,Deion Burks,2022,7,1
4683151,Deion Burks,2023,12,0
4683151,Deion Burks,2024,5,0
4683151,Deion Burks,2025,12,1
4685553,Brenen Thompson,2022,1,0
4685553,Brenen Thompson,2023,4,1
4685553,Brenen Thompson,2024,9,0
4685553,Brenen Thompson,2025,12,1
4685261,Germie Bernard,2022,5,0
4685261,Germie Bernard,2023,10,1
4685261,Germie Bernard,2024,12,1
4685261,Germie Bernard,2025,12,2
4683153,Skyler Bell,2021,1,1
4683153,Skyler Bell,2022,12,1
4683153,Skyler Bell,2023,10,0
4683153,Skyler Bell,2024,12,1
4683153,Skyler Bell,2025,12,0
5088338,Elijah Sarratt,2022,12,0
5088338,Elijah Sarratt,2023,12,1
5088338,Elijah Sarratt,2024,12,1
5088338,Elijah Sarratt,2025,10,3
4870847,Ja'Kobi Lane,2023,4,1
4870847,Ja'Kobi Lane,2024,11,1
4870847,Ja'Kobi Lane,2025,11,0
4879194,Josh Cameron,2022,10,1
4879194,Josh Cameron,2023,8,0
4879194,Josh Cameron,2024,12,1
4879194,Josh Cameron,2025,12,0
4869132,Reggie Virgil,2022,1,0
4869132,Reggie Virgil,2023,1,0
4869132,Reggie Virgil,2024,13,0
4869132,Reggie Virgil,2025,13,1
4685307,Kevin Coleman Jr.,2022,11,1
4685307,Kevin Coleman Jr.,2023,13,1
4685307,Kevin Coleman Jr.,2024,12,0
4685307,Kevin Coleman Jr.,2025,12,1
4710714,De'Zhaun Stribling,2021,12,1
4710714,De'Zhaun Stribling,2022,12,0
4710714,De'Zhaun Stribling,2023,3,0
4710714,De'Zhaun Stribling,2024,11,0
4710714,De'Zhaun Stribling,2025,12,3
4879276,Bryce Lance,2023,1,0
4879276,Bryce Lance,2024,14,2
4879276,Bryce Lance,2025,13,0
4691138,Aaron Anderson,2023,6,0
4691138,Aaron Anderson,2024,12,1
4691138,Aaron Anderson,2025,8,0
4602185,Eric McAlister,2022,5,1
4602185,Eric McAlister,2023,9,0
4602185,Eric McAlister,2024,10,1
4602185,Eric McAlister,2025,11,1
4713277,Eric Rivers,2023,9,0
4713277,Eric Rivers,2024,12,0
4713277,Eric Rivers,2025,12,1
4605951,CJ Daniels,2020,6,0
4605951,CJ Daniels,2021,12,1
4605951,CJ Daniels,2022,2,0
4605951,CJ Daniels,2023,13,1
4605951,CJ Daniels,2024,11,0
4605951,CJ Daniels,2025,8,4
5081432,Antonio Williams,2022,13,1
5081432,Antonio Williams,2023,4,1
5081432,Antonio Williams,2024,13,1
5081432,Antonio Williams,2025,9,0
5083315,Kenyon Sadiq,2023,4,1
5083315,Kenyon Sadiq,2024,12,1
5083315,Kenyon Sadiq,2025,11,3
4431574,Eli Stowers,2023,13,1
4431574,Eli Stowers,2024,12,1
4431574,Eli Stowers,2025,12,0
4833029,Max Klare,2023,5,0
4833029,Max Klare,2024,12,0
4833029,Max Klare,2025,13,0
4594749,Michael Trigg,2021,4,0
4594749,Michael Trigg,2022,6,0
4594749,Michael Trigg,2023,2,0
4594749,Michael Trigg,2024,9,0
4594749,Michael Trigg,2025,11,0
5085189,Jack Endries,2023,11,1
5085189,Jack Endries,2024,11,1
5085189,Jack Endries,2025,11,1
4912052,Justin Joly,2022,7,1
4912052,Justin Joly,2023,11,0
4912052,Justin Joly,2024,12,1
4912052,Justin Joly,2025,11,1
4685504,Sam Roush,2022,2,0
4685504,Sam Roush,2023,9,0
4685504,Sam Roush,2024,11,0
4685504,Sam Roush,2025,11,0
4831959,Eli Raridon,2023,1,1
4831959,Eli Raridon,2024,5,2
4831959,Eli Raridon,2025,9,0
4565859,Joe Royer,2021,1,0
4565859,Joe Royer,2022,1,1
4565859,Joe Royer,2023,1,0
4565859,Joe Royer,2024,12,0
4565859,Joe Royer,2025,12,0
4702559,Oscar Delp,2022,2,0
4702559,Oscar Delp,2023,12,1
4702559,Oscar Delp,2024,9,1
4702559,Oscar Delp,2025,9,1
5159802,Dallen Bentley,2023,1,1
5159802,Dallen Bentley,2024,1,0
5159802,Dallen Bentley,2025,12,1
4686248,Nate Boerkircher,2021,2,0
4686248,Nate Boerkircher,2022,5,0
4686248,Nate Boerkircher,2023,5,0
4686248,Nate Boerkircher,2024,4,0
4686248,Nate Boerkircher,2025,10,1
4695705,Marlin Klein,2023,1,0
4695705,Marlin Klein,2024,8,1
4695705,Marlin Klein,2025,10,1
